{"temp":{"avg":{"c":22.50977,"f":72.51758},"0":{"c":22.75391,"f":72.95703},"1":{"c":22.26563,"f":72.07813}}}
